<?xml version="1.0" encoding="UTF-8"?>
<document type="com.apple.InterfaceBuilder3.CocoaTouch.Storyboard.XIB" version="3.0" toolsVersion="14113" targetRuntime="iOS.CocoaTouch" propertyAccessControl="none" useAutolayout="YES" useTraitCollections="YES" useSafeAreas="YES" colorMatched="YES" initialViewController="URG-fI-O1j">
    <device id="retina4_7" orientation="portrait">
        <adaptation id="fullscreen"/>
    </device>
    <dependencies>
        <deployment identifier="iOS"/>
        <plugIn identifier="com.apple.InterfaceBuilder.IBCocoaTouchPlugin" version="14088"/>
        <capability name="Safe area layout guides" minToolsVersion="9.0"/>
        <capability name="documents saved in the Xcode 8 format" minToolsVersion="8.0"/>
    </dependencies>
    <scenes>
        <!--Capsules-->
        <scene sceneID="tne-QT-ifu">
            <objects>
                <viewController storyboardIdentifier="CapsuleListViewController" useStoryboardIdentifierAsRestorationIdentifier="YES" id="BYZ-38-t0r" customClass="CapsuleListViewController" customModule="SpaceXDemo" customModuleProvider="target" sceneMemberID="viewController">
                    <view key="view" contentMode="scaleToFill" id="8bC-Xf-vdC">
                        <rect key="frame" x="0.0" y="0.0" width="375" height="667"/>
                        <autoresizingMask key="autoresizingMask" widthSizable="YES" heightSizable="YES"/>
                        <subviews>
                            <tableView clipsSubviews="YES" contentMode="scaleToFill" alwaysBounceVertical="YES" dataMode="prototypes" style="plain" separatorStyle="none" rowHeight="-1" estimatedRowHeight="-1" sectionHeaderHeight="28" sectionFooterHeight="28" translatesAutoresizingMaskIntoConstraints="NO" id="1mG-l3-dh2">
                                <rect key="frame" x="0.0" y="64" width="375" height="603"/>
                                <color key="backgroundColor" white="1" alpha="1" colorSpace="custom" customColorSpace="genericGamma22GrayColorSpace"/>
                            </tableView>
                        </subviews>
                        <color key="backgroundColor" red="1" green="1" blue="1" alpha="1" colorSpace="custom" customColorSpace="sRGB"/>
                        <constraints>
                            <constraint firstItem="1mG-l3-dh2" firstAttribute="leading" secondItem="6Tk-OE-BBY" secondAttribute="leading" id="PGB-nr-Qqb"/>
                            <constraint firstItem="6Tk-OE-BBY" firstAttribute="trailing" secondItem="1mG-l3-dh2" secondAttribute="trailing" id="WoX-K1-CgG"/>
                            <constraint firstItem="6Tk-OE-BBY" firstAttribute="bottom" secondItem="1mG-l3-dh2" secondAttribute="bottom" id="b8H-Y5-eFZ"/>
                            <constraint firstItem="1mG-l3-dh2" firstAttribute="top" secondItem="6Tk-OE-BBY" secondAttribute="top" id="bd7-Ic-pKQ"/>
                        </constraints>
                        <viewLayoutGuide key="safeArea" id="6Tk-OE-BBY"/>
                    </view>
                    <navigationItem key="navigationItem" title="Capsules" id="S9T-Cw-LlO"/>
                    <connections>
                        <outlet property="tblViewCapsuleList" destination="1mG-l3-dh2" id="oU4-2o-l3a"/>
                    </connections>
                </viewController>
                <placeholder placeholderIdentifier="IBFirstResponder" id="dkx-z0-nzr" sceneMemberID="firstResponder"/>
            </objects>
            <point key="canvasLocation" x="238" y="-664"/>
        </scene>
        <!--Navigation Controller-->
        <scene sceneID="bB0-8Z-TBq">
            <objects>
                <navigationController automaticallyAdjustsScrollViewInsets="NO" id="URG-fI-O1j" sceneMemberID="viewController">
                    <toolbarItems/>
                    <navigationBar key="navigationBar" contentMode="scaleToFill" insetsLayoutMarginsFromSafeArea="NO" id="LbV-QA-gdC">
                        <rect key="frame" x="0.0" y="20" width="375" height="44"/>
                        <autoresizingMask key="autoresizingMask"/>
                    </navigationBar>
                    <nil name="viewControllers"/>
                    <connections>
                        <segue destination="BYZ-38-t0r" kind="relationship" relationship="rootViewController" id="mAo-0k-pjB"/>
                    </connections>
                </navigationController>
                <placeholder placeholderIdentifier="IBFirstResponder" id="euA-gx-ixb" userLabel="First Responder" sceneMemberID="firstResponder"/>
            </objects>
            <point key="canvasLocation" x="-524" y="-664"/>
        </scene>
        <!--Capsule Detail-->
        <scene sceneID="8eH-Ki-K3c">
            <objects>
                <viewController storyboardIdentifier="CapsuleDetailViewController" title="Capsule Detail" useStoryboardIdentifierAsRestorationIdentifier="YES" id="O9P-Hs-PIU" customClass="CapsuleDetailViewController" customModule="SpaceXDemo" customModuleProvider="target" sceneMemberID="viewController">
                    <view key="view" contentMode="scaleToFill" id="Nnj-eZ-Dvi">
                        <rect key="frame" x="0.0" y="0.0" width="375" height="667"/>
                        <autoresizingMask key="autoresizingMask" widthSizable="YES" heightSizable="YES"/>
                        <subviews>
                            <imageView userInteractionEnabled="NO" contentMode="scaleToFill" horizontalHuggingPriority="251" verticalHuggingPriority="251" image="download (2)" translatesAutoresizingMaskIntoConstraints="NO" id="R31-6O-jd7">
                                <rect key="frame" x="0.0" y="273" width="375" height="394"/>
                                <constraints>
                                    <constraint firstAttribute="height" constant="394" id="3ZV-cq-lT3"/>
                                </constraints>
                            </imageView>
                            <view contentMode="scaleToFill" translatesAutoresizingMaskIntoConstraints="NO" id="M4g-YU-Kqq">
                                <rect key="frame" x="0.0" y="20" width="375" height="253"/>
                                <subviews>
                                    <label opaque="NO" userInteractionEnabled="NO" contentMode="left" horizontalHuggingPriority="251" verticalHuggingPriority="251" text="First Flight :" textAlignment="natural" lineBreakMode="tailTruncation" baselineAdjustment="alignBaselines" adjustsFontSizeToFit="NO" translatesAutoresizingMaskIntoConstraints="NO" id="A27-7e-PYu">
                                        <rect key="frame" x="20" y="62.5" width="140" height="20.5"/>
                                        <fontDescription key="fontDescription" type="system" pointSize="17"/>
                                        <nil key="textColor"/>
                                        <nil key="highlightedColor"/>
                                    </label>
                                    <label opaque="NO" userInteractionEnabled="NO" contentMode="left" horizontalHuggingPriority="251" verticalHuggingPriority="251" fixedFrame="YES" text="" textAlignment="natural" lineBreakMode="tailTruncation" baselineAdjustment="alignBaselines" adjustsFontSizeToFit="NO" translatesAutoresizingMaskIntoConstraints="NO" id="wtH-B1-YfL">
                                        <rect key="frame" x="20" y="71" width="0.0" height="0.0"/>
                                        <autoresizingMask key="autoresizingMask" flexibleMaxX="YES" flexibleMaxY="YES"/>
                                        <fontDescription key="fontDescription" type="system" pointSize="17"/>
                                        <nil key="textColor"/>
                                        <nil key="highlightedColor"/>
                                    </label>
                                    <label opaque="NO" userInteractionEnabled="NO" contentMode="left" horizontalHuggingPriority="251" verticalHuggingPriority="251" text="Name :" textAlignment="natural" lineBreakMode="tailTruncation" baselineAdjustment="alignBaselines" adjustsFontSizeToFit="NO" translatesAutoresizingMaskIntoConstraints="NO" id="Xgd-Ot-ukL">
                                        <rect key="frame" x="20" y="30" width="140" height="20.5"/>
                                        <constraints>
                                            <constraint firstAttribute="width" constant="140" id="phu-dj-oo7"/>
                                        </constraints>
                                        <fontDescription key="fontDescription" type="system" pointSize="17"/>
                                        <nil key="textColor"/>
                                        <nil key="highlightedColor"/>
                                    </label>
                                    <label opaque="NO" userInteractionEnabled="NO" contentMode="left" horizontalHuggingPriority="251" verticalHuggingPriority="251" text="Crew Capacity :" textAlignment="natural" lineBreakMode="tailTruncation" baselineAdjustment="alignBaselines" adjustsFontSizeToFit="NO" translatesAutoresizingMaskIntoConstraints="NO" id="OFL-hv-hZF">
                                        <rect key="frame" x="20" y="95" width="140" height="20.5"/>
                                        <fontDescription key="fontDescription" type="system" pointSize="17"/>
                                        <nil key="textColor"/>
                                        <nil key="highlightedColor"/>
                                    </label>
                                    <label opaque="NO" userInteractionEnabled="NO" contentMode="left" horizontalHuggingPriority="251" verticalHuggingPriority="251" text="No. of Thrusters :" textAlignment="natural" lineBreakMode="tailTruncation" baselineAdjustment="alignBaselines" adjustsFontSizeToFit="NO" translatesAutoresizingMaskIntoConstraints="NO" id="tDo-O7-Pde">
                                        <rect key="frame" x="20" y="160" width="140" height="20.5"/>
                                        <fontDescription key="fontDescription" type="system" pointSize="17"/>
                                        <nil key="textColor"/>
                                        <nil key="highlightedColor"/>
                                    </label>
                                    <label opaque="NO" userInteractionEnabled="NO" contentMode="left" horizontalHuggingPriority="251" verticalHuggingPriority="251" text="Mass in Kg :" textAlignment="natural" lineBreakMode="tailTruncation" baselineAdjustment="alignBaselines" adjustsFontSizeToFit="NO" translatesAutoresizingMaskIntoConstraints="NO" id="AJT-re-b6l">
                                        <rect key="frame" x="20" y="127.5" width="140" height="20.5"/>
                                        <fontDescription key="fontDescription" type="system" pointSize="17"/>
                                        <nil key="textColor"/>
                                        <nil key="highlightedColor"/>
                                    </label>
                                    <label opaque="NO" userInteractionEnabled="NO" contentMode="left" horizontalHuggingPriority="251" verticalHuggingPriority="251" text="-- " textAlignment="natural" lineBreakMode="tailTruncation" baselineAdjustment="alignBaselines" adjustsFontSizeToFit="NO" translatesAutoresizingMaskIntoConstraints="NO" id="Pue-si-qxa">
                                        <rect key="frame" x="172" y="30" width="183" height="20.5"/>
                                        <fontDescription key="fontDescription" type="system" pointSize="17"/>
                                        <nil key="textColor"/>
                                        <nil key="highlightedColor"/>
                                    </label>
                                    <label opaque="NO" userInteractionEnabled="NO" contentMode="left" horizontalHuggingPriority="251" verticalHuggingPriority="251" text="-- " textAlignment="natural" lineBreakMode="tailTruncation" baselineAdjustment="alignBaselines" adjustsFontSizeToFit="NO" translatesAutoresizingMaskIntoConstraints="NO" id="r6F-ec-aSz">
                                        <rect key="frame" x="172" y="62" width="183" height="20.5"/>
                                        <fontDescription key="fontDescription" type="system" pointSize="17"/>
                                        <nil key="textColor"/>
                                        <nil key="highlightedColor"/>
                                    </label>
                                    <label opaque="NO" userInteractionEnabled="NO" contentMode="left" horizontalHuggingPriority="251" verticalHuggingPriority="251" text="--" textAlignment="natural" lineBreakMode="tailTruncation" baselineAdjustment="alignBaselines" adjustsFontSizeToFit="NO" translatesAutoresizingMaskIntoConstraints="NO" id="CqZ-1r-zem">
                                        <rect key="frame" x="172" y="95" width="183" height="20.5"/>
                                        <fontDescription key="fontDescription" type="system" pointSize="17"/>
                                        <nil key="textColor"/>
                                        <nil key="highlightedColor"/>
                                    </label>
                                    <label opaque="NO" userInteractionEnabled="NO" contentMode="left" horizontalHuggingPriority="251" verticalHuggingPriority="251" text="--" textAlignment="natural" lineBreakMode="tailTruncation" baselineAdjustment="alignBaselines" adjustsFontSizeToFit="NO" translatesAutoresizingMaskIntoConstraints="NO" id="iVX-bN-i00">
                                        <rect key="frame" x="172" y="127" width="183" height="20.5"/>
                                        <fontDescription key="fontDescription" type="system" pointSize="17"/>
                                        <nil key="textColor"/>
                                        <nil key="highlightedColor"/>
                                    </label>
                                    <label opaque="NO" userInteractionEnabled="NO" contentMode="left" horizontalHuggingPriority="251" verticalHuggingPriority="251" text="--" textAlignment="natural" lineBreakMode="tailTruncation" baselineAdjustment="alignBaselines" adjustsFontSizeToFit="NO" translatesAutoresizingMaskIntoConstraints="NO" id="dux-Cc-2Xw">
                                        <rect key="frame" x="172" y="160" width="183" height="20.5"/>
                                        <fontDescription key="fontDescription" type="system" pointSize="17"/>
                                        <nil key="textColor"/>
                                        <nil key="highlightedColor"/>
                                    </label>
                                </subviews>
                                <color key="backgroundColor" white="1" alpha="1" colorSpace="custom" customColorSpace="genericGamma22GrayColorSpace"/>
                                <constraints>
                                    <constraint firstItem="dux-Cc-2Xw" firstAttribute="centerY" secondItem="tDo-O7-Pde" secondAttribute="centerY" id="0su-gD-hPK"/>
                                    <constraint firstItem="OFL-hv-hZF" firstAttribute="top" secondItem="A27-7e-PYu" secondAttribute="bottom" constant="12" id="2yD-yA-cGt"/>
                                    <constraint firstItem="AJT-re-b6l" firstAttribute="width" secondItem="OFL-hv-hZF" secondAttribute="width" id="35a-R7-blK"/>
                                    <constraint firstItem="OFL-hv-hZF" firstAttribute="leading" secondItem="A27-7e-PYu" secondAttribute="leading" id="3BH-ww-Mmy"/>
                                    <constraint firstItem="A27-7e-PYu" firstAttribute="top" secondItem="Xgd-Ot-ukL" secondAttribute="bottom" constant="12" id="5dZ-Wp-pNe"/>
                                    <constraint firstItem="Pue-si-qxa" firstAttribute="leading" secondItem="Xgd-Ot-ukL" secondAttribute="trailing" constant="12" id="6Nh-uS-XfD"/>
                                    <constraint firstItem="iVX-bN-i00" firstAttribute="centerY" secondItem="AJT-re-b6l" secondAttribute="centerY" id="8Q9-rR-9nF"/>
                                    <constraint firstItem="r6F-ec-aSz" firstAttribute="leading" secondItem="Pue-si-qxa" secondAttribute="leading" id="8Zx-Ct-Un3"/>
                                    <constraint firstItem="r6F-ec-aSz" firstAttribute="width" secondItem="Pue-si-qxa" secondAttribute="width" id="9di-Tj-3ee"/>
                                    <constraint firstItem="A27-7e-PYu" firstAttribute="leading" secondItem="Xgd-Ot-ukL" secondAttribute="leading" id="IAC-TU-fFK"/>
                                    <constraint firstItem="Xgd-Ot-ukL" firstAttribute="leading" secondItem="M4g-YU-Kqq" secondAttribute="leading" constant="20" id="IEt-aF-7HI"/>
                                    <constraint firstItem="AJT-re-b6l" firstAttribute="top" secondItem="OFL-hv-hZF" secondAttribute="bottom" constant="12" id="JT1-ex-lcA"/>
                                    <constraint firstItem="A27-7e-PYu" firstAttribute="width" secondItem="Xgd-Ot-ukL" secondAttribute="width" id="LVw-WH-cE3"/>
                                    <constraint firstItem="r6F-ec-aSz" firstAttribute="centerY" secondItem="A27-7e-PYu" secondAttribute="centerY" id="MRj-PV-uN2"/>
                                    <constraint firstItem="AJT-re-b6l" firstAttribute="top" secondItem="OFL-hv-hZF" secondAttribute="bottom" constant="12" id="OYh-hp-5a6"/>
                                    <constraint firstItem="CqZ-1r-zem" firstAttribute="centerY" secondItem="OFL-hv-hZF" secondAttribute="centerY" id="W4p-wO-ok1"/>
                                    <constraint firstItem="tDo-O7-Pde" firstAttribute="top" secondItem="AJT-re-b6l" secondAttribute="bottom" constant="12" id="Wd6-Hy-iFd"/>
                                    <constraint firstItem="tDo-O7-Pde" firstAttribute="leading" secondItem="AJT-re-b6l" secondAttribute="leading" id="Y5c-wv-6QC"/>
                                    <constraint firstItem="OFL-hv-hZF" firstAttribute="width" secondItem="A27-7e-PYu" secondAttribute="width" id="YhF-Qf-cTs"/>
                                    <constraint firstItem="Xgd-Ot-ukL" firstAttribute="top" secondItem="M4g-YU-Kqq" secondAttribute="top" constant="30" id="atW-aN-bSi"/>
                                    <constraint firstItem="AJT-re-b6l" firstAttribute="leading" secondItem="OFL-hv-hZF" secondAttribute="leading" id="dW3-ZX-OBH"/>
                                    <constraint firstAttribute="trailing" secondItem="Pue-si-qxa" secondAttribute="trailing" constant="20" id="du2-Ou-cqY"/>
                                    <constraint firstItem="tDo-O7-Pde" firstAttribute="width" secondItem="AJT-re-b6l" secondAttribute="width" id="ehC-Tf-LFU"/>
                                    <constraint firstItem="CqZ-1r-zem" firstAttribute="leading" secondItem="r6F-ec-aSz" secondAttribute="leading" id="hSV-1P-uAS"/>
                                    <constraint firstItem="tDo-O7-Pde" firstAttribute="top" secondItem="AJT-re-b6l" secondAttribute="bottom" constant="12" id="m4j-Gz-7cB"/>
                                    <constraint firstItem="iVX-bN-i00" firstAttribute="width" secondItem="CqZ-1r-zem" secondAttribute="width" id="mDT-i7-Jjv"/>
                                    <constraint firstItem="CqZ-1r-zem" firstAttribute="width" secondItem="r6F-ec-aSz" secondAttribute="width" id="mzG-PZ-rGu"/>
                                    <constraint firstItem="dux-Cc-2Xw" firstAttribute="leading" secondItem="iVX-bN-i00" secondAttribute="leading" id="rYb-yK-qyA"/>
                                    <constraint firstItem="iVX-bN-i00" firstAttribute="leading" secondItem="CqZ-1r-zem" secondAttribute="leading" id="tQC-vr-ABb"/>
                                    <constraint firstItem="Pue-si-qxa" firstAttribute="centerY" secondItem="Xgd-Ot-ukL" secondAttribute="centerY" id="wPQ-8y-bRd"/>
                                    <constraint firstItem="dux-Cc-2Xw" firstAttribute="width" secondItem="iVX-bN-i00" secondAttribute="width" id="ybZ-oX-g1b"/>
                                    <constraint firstItem="OFL-hv-hZF" firstAttribute="top" secondItem="A27-7e-PYu" secondAttribute="bottom" constant="12" id="ykD-p9-u2Q"/>
                                </constraints>
                            </view>
                        </subviews>
                        <color key="backgroundColor" red="0.93333333330000001" green="0.93333333330000001" blue="0.93333333330000001" alpha="1" colorSpace="calibratedRGB"/>
                        <constraints>
                            <constraint firstItem="R31-6O-jd7" firstAttribute="top" secondItem="M4g-YU-Kqq" secondAttribute="bottom" id="7Aw-Y4-9Qf"/>
                            <constraint firstItem="R31-6O-jd7" firstAttribute="leading" secondItem="eK0-jY-gYP" secondAttribute="leading" id="8Oc-8Y-urs"/>
                            <constraint firstItem="eK0-jY-gYP" firstAttribute="trailing" secondItem="M4g-YU-Kqq" secondAttribute="trailing" id="L0Y-dE-Ley"/>
                            <constraint firstItem="R31-6O-jd7" firstAttribute="trailing" secondItem="eK0-jY-gYP" secondAttribute="trailing" id="a8e-rk-7A9"/>
                            <constraint firstItem="M4g-YU-Kqq" firstAttribute="top" secondItem="eK0-jY-gYP" secondAttribute="top" id="eEv-Mi-sRJ"/>
                            <constraint firstItem="R31-6O-jd7" firstAttribute="bottom" secondItem="eK0-jY-gYP" secondAttribute="bottom" id="eOt-Fl-mRA"/>
                            <constraint firstItem="M4g-YU-Kqq" firstAttribute="leading" secondItem="eK0-jY-gYP" secondAttribute="leading" id="iZd-HC-J4Y"/>
                        </constraints>
                        <viewLayoutGuide key="safeArea" id="eK0-jY-gYP"/>
                    </view>
                    <connections>
                        <outlet property="lblCrewCapacity" destination="CqZ-1r-zem" id="usq-tj-0WA"/>
                        <outlet property="lblFirstFlight" destination="r6F-ec-aSz" id="Uy8-Ij-Waa"/>
                        <outlet property="lblMassInKg" destination="iVX-bN-i00" id="o5I-WT-dpU"/>
                        <outlet property="lblName" destination="Pue-si-qxa" id="EMf-D9-R24"/>
                        <outlet property="lblNoOfThrusters" destination="dux-Cc-2Xw" id="rIn-PQ-9s8"/>
                    </connections>
                </viewController>
                <placeholder placeholderIdentifier="IBFirstResponder" id="yJU-P0-VuU" userLabel="First Responder" sceneMemberID="firstResponder"/>
            </objects>
            <point key="canvasLocation" x="910" y="-664"/>
        </scene>
    </scenes>
    <resources>
        <image name="download (2)" width="225" height="225"/>
    </resources>
</document>
